日付,始値,高値,安値,終値,出来高,終値調整値,5日平均,10日平均,25日平均,75日平均,200日平均,ゴールデンクロス（25日）,ゴールデンクロス_A（25日）,デッドクロス（25日）,ゴールデンクロス（終値）,ゴールデンクロス_A（終値）,デッドクロス（終値）,25日平均上昇場,75日平均上昇場,25日平均急上昇ポイント,25日平均上昇陰りポイント,10日平均急上昇ポイント,5営業日後騰落率,10営業日後騰落率,20営業日後騰落率,40営業日後騰落率
2021-01-04,3260.0,3260.0,3205.0,3250.0,37700.0,3223.6357421875,,,,,,False,False,False,False,False,False,False,False,False,False,False,0.03538461538461538,-0.016923076923076923,0.06153846153846154,-0.09876923076923078
2021-01-05,3215.0,3250.0,3210.0,3210.0,43000.0,3183.960205078125,,,,,,False,False,False,False,False,False,False,False,False,False,False,0.03426791277258567,-0.010903426791277258,0.06697819314641744,-0.07476635514018691
2021-01-06,3240.0,3240.0,3145.0,3150.0,29700.0,3124.447021484375,,,,,,False,False,False,False,False,False,False,False,False,False,False,0.06666666666666667,0.025396825396825397,0.06190476190476191,-0.03492063492063492
2021-01-07,3200.0,3250.0,3195.0,3230.0,81900.0,3203.798095703125,,,,,,False,False,False,False,False,False,False,False,False,False,False,0.0015479876160990713,-0.010835913312693499,0.04179566563467492,-0.03869969040247678
2021-01-08,3250.0,3345.0,3230.0,3325.0,78500.0,3298.02734375,3233.0,,,,,False,False,False,False,False,False,False,False,False,False,False,-0.02857142857142857,-0.010526315789473684,0.015037593984962405,-0.07067669172932331
2021-01-12,3390.0,3445.0,3320.0,3365.0,64300.0,3337.702880859375,3256.0,,,,,False,False,False,False,False,False,False,False,False,False,False,-0.05052005943536404,-0.05349182763744428,0.004457652303120356,-0.04309063893016345
2021-01-13,3345.0,3360.0,3275.0,3320.0,50100.0,3293.06787109375,3278.0,,,,,False,False,False,False,False,False,False,False,False,False,False,-0.043674698795180725,-0.058734939759036146,0.0,-0.024096385542168676
2021-01-14,3310.0,3360.0,3290.0,3360.0,58000.0,3332.743408203125,3320.0,,,,,False,False,False,False,False,False,False,False,False,False,False,-0.03869047619047619,-0.06994047619047619,-0.017857142857142856,-0.03273809523809524
2021-01-15,3360.0,3360.0,3185.0,3235.0,77100.0,3208.75732421875,3321.0,,,,,False,False,False,False,False,False,False,False,False,False,False,-0.012364760432766615,-0.03245749613601236,-0.0061823802163833074,0.0077279752704791345
2021-01-18,3235.0,3245.0,3165.0,3230.0,45500.0,3203.798095703125,3302.0,3267.5,,,,False,False,False,False,False,False,False,False,False,False,False,0.018575851393188854,0.05263157894736842,-0.010835913312693499,0.020123839009287926
2021-01-19,3250.0,3250.0,3185.0,3195.0,58400.0,3169.08203125,3268.0,3262.0,,,,False,False,False,False,False,False,False,False,False,False,False,-0.003129890453834116,0.07981220657276995,-0.014084507042253521,0.0594679186228482
2021-01-20,3195.0,3195.0,3160.0,3175.0,38000.0,3149.244140625,3239.0,3258.5,,,,False,False,False,False,False,False,False,False,False,False,False,-0.015748031496062992,0.07874015748031496,-0.02204724409448819,0.06141732283464567
2021-01-21,3180.0,3245.0,3180.0,3230.0,54500.0,3203.798095703125,3213.0,3266.5,,,,False,False,False,False,False,False,False,False,False,False,True,-0.032507739938080496,0.03560371517027864,-0.06037151702786378,0.04489164086687306
2021-01-22,3180.0,3235.0,3165.0,3195.0,37600.0,3169.08203125,3205.0,3263.0,,,,False,False,False,False,False,False,False,False,False,False,False,-0.02034428794992175,0.053208137715179966,-0.046948356807511735,0.04381846635367762
2021-01-25,3240.0,3290.0,3205.0,3290.0,34700.0,3263.311279296875,3217.0,3259.5,,,,False,False,False,False,False,False,False,False,False,False,False,0.03343465045592705,0.025835866261398176,-0.06231003039513678,-0.02735562310030395
2021-01-26,3250.0,3250.0,3170.0,3185.0,51400.0,3159.1630859375,3215.0,3241.5,,,,False,False,False,False,False,False,False,False,False,False,False,0.08320251177394035,0.061224489795918366,-0.04709576138147567,0.02197802197802198
2021-01-27,3170.0,3195.0,3125.0,3125.0,82400.0,3099.649658203125,3205.0,3222.0,,,,False,False,False,False,False,False,False,False,False,False,False,0.096,0.0624,-0.04288,0.0496
2021-01-28,3075.0,3155.0,3075.0,3125.0,79300.0,3099.649658203125,3184.0,3198.5,,,,False,False,False,False,False,False,False,False,False,False,False,0.0704,0.056,-0.0192,0.0848
2021-01-29,3130.0,3180.0,3100.0,3130.0,89800.0,3104.609130859375,3171.0,3188.0,,,,False,False,False,False,False,False,False,False,False,False,False,0.07507987220447285,0.027156549520766772,-0.02875399361022364,0.054313099041533544
2021-02-01,3190.0,3455.0,3185.0,3400.0,83700.0,3372.4189453125,3193.0,3205.0,,,,False,False,False,False,False,False,False,False,False,False,True,-0.007352941176470588,-0.060294117647058824,-0.11764705882352941,-0.05
2021-02-02,3390.0,3500.0,3390.0,3450.0,62800.0,3422.013427734375,3246.0,3230.5,,,,False,False,False,False,False,False,False,False,False,False,False,-0.020289855072463767,-0.08695652173913043,-0.1510144927536232,-0.05217391304347826
2021-02-03,3430.0,3475.0,3375.0,3425.0,28400.0,3397.216064453125,3306.0,3255.5,,,,False,False,False,False,False,False,False,False,False,False,False,-0.030656934306569343,-0.09343065693430656,-0.13284671532846715,-0.059854014598540145
2021-02-04,3300.0,3365.0,3290.0,3345.0,154600.0,3317.865234375,3350.0,3267.0,,,,False,False,False,False,False,False,False,False,False,False,False,-0.013452914798206279,-0.09267563527653214,-0.09118086696562033,-0.0343796711509716
2021-02-05,3415.0,3415.0,3325.0,3365.0,133000.0,3337.702880859375,3397.0,3284.0,,,,False,False,False,False,False,False,False,False,False,False,False,-0.04457652303120357,-0.0950965824665676,-0.07726597325408618,-0.06240713224368499
2021-02-08,3385.0,3405.0,3355.0,3375.0,64100.0,3347.621826171875,3392.0,3292.5,3267.4,,,False,False,False,False,False,False,False,False,False,False,False,-0.05333333333333334,-0.08592592592592592,-0.08444444444444445,-0.045925925925925926
2021-02-09,3355.0,3385.0,3340.0,3380.0,49000.0,3352.581298828125,3378.0,3312.0,3272.6,,,False,False,False,False,False,False,True,False,False,False,False,-0.06804733727810651,-0.10207100591715976,-0.047337278106508875,-0.060650887573964495
2021-02-10,3325.0,3340.0,3295.0,3320.0,85500.0,3293.06787109375,3357.0,3331.5,3277.0,,,False,False,False,False,False,False,True,False,False,True,False,-0.06475903614457831,-0.09909638554216868,-0.024096385542168676,-0.045180722891566265
2021-02-12,3340.0,3340.0,3285.0,3300.0,69600.0,3273.230224609375,3348.0,3349.0,3283.0,,,False,False,False,False,False,False,True,False,False,False,False,-0.0803030303030303,-0.07121212121212121,-0.015151515151515152,-0.03787878787878788
2021-02-15,3200.0,3245.0,3195.0,3215.0,78200.0,3188.919677734375,3318.0,3357.5,3282.4,,,False,False,False,False,False,False,False,False,False,True,False,-0.05287713841368585,-0.05443234836702955,0.013996889580093312,-0.0015552099533437014
2021-02-16,3200.0,3205.0,3170.0,3195.0,41400.0,3169.08203125,3282.0,3337.0,3277.2,,,False,False,False,False,False,False,False,False,False,True,False,-0.03442879499217527,-0.06103286384976526,0.03129890453834116,0.0
2021-02-17,3155.0,3165.0,3135.0,3150.0,64800.0,3124.447021484375,3236.0,3307.0,3268.6,,,False,False,False,False,False,False,False,False,False,True,False,-0.03650793650793651,-0.07015873015873016,0.0746031746031746,0.01904761904761905
2021-02-18,3165.0,3195.0,3100.0,3105.0,46600.0,3079.81201171875,3193.0,3275.0,3260.0,,,False,False,False,False,False,False,False,False,False,True,False,-0.03671497584541063,-0.043478260869565216,0.0853462157809984,0.04186795491143317
2021-02-19,3050.0,3060.0,3015.0,3035.0,79600.0,3010.3798828125,3140.0,3244.0,3247.0,,,False,False,False,False,False,False,False,False,False,True,False,0.009884678747940691,0.0016474464579901153,0.11202635914332784,0.07907742998352553
2021-02-22,3090.0,3115.0,3025.0,3045.0,87900.0,3020.298828125,3106.0,3212.0,3239.4,,,False,False,False,False,False,False,False,False,False,False,False,-0.0016420361247947454,0.019704433497536946,0.09523809523809523,0.06732348111658457
2021-02-24,3070.0,3105.0,3050.0,3085.0,130600.0,3059.974365234375,3084.0,3183.0,3233.6,,,False,False,False,False,False,False,False,False,False,False,False,-0.027552674230145867,0.0016207455429497568,0.03727714748784441,0.02106969205834684
2021-02-25,3050.0,3055.0,3010.0,3035.0,75000.0,3010.3798828125,3061.0,3148.5,3227.2,,,False,False,False,False,False,False,False,False,False,True,False,-0.034925864909390446,0.060955518945634266,0.07248764415156507,0.047775947281713346
2021-02-26,3050.0,3085.0,2986.0,2991.0,122500.0,2966.73681640625,3038.2,3115.6,3219.84,,,False,False,False,False,False,False,False,False,False,True,False,-0.007021063189568706,0.08324974924774323,0.09662320294215981,0.04312938816449348
2021-03-01,2991.0,3065.0,2991.0,3065.0,108900.0,3040.136474609375,3044.2,3092.1,3213.24,,,False,False,False,False,False,False,False,False,False,False,False,-0.008156606851549755,0.06035889070146819,0.10603588907014681,0.01794453507340946
2021-03-02,3095.0,3100.0,3025.0,3040.0,44100.0,3015.33935546875,3043.2,3074.6,3207.04,,,False,False,False,False,False,False,False,False,False,False,False,0.02138157894736842,0.07236842105263158,0.08552631578947369,0.024671052631578948
2021-03-03,3000.0,3010.0,2980.0,3000.0,68400.0,2975.663818359375,3026.2,3055.1,3195.44,,,False,False,False,False,False,False,False,False,False,True,False,0.03,0.09833333333333333,0.07666666666666666,0.051666666666666666
2021-03-04,2930.0,2959.0,2898.0,2929.0,94900.0,2905.23974609375,3005.0,3033.0,3185.2,,,False,False,False,False,False,False,False,False,False,False,False,0.099351314441789,0.15568453397063844,0.11642198702628884,0.08228064185728917
2021-03-05,2900.0,2975.0,2863.0,2970.0,141300.0,2945.9072265625,3000.8,3019.5,3179.0,,,False,False,False,False,False,False,False,False,False,False,False,0.09090909090909091,0.13468013468013468,0.08417508417508418,0.07912457912457913
2021-03-08,3015.0,3040.0,2960.0,3040.0,148900.0,3015.33935546875,2995.8,3020.0,3175.6,,,False,False,False,False,False,False,False,False,False,False,False,0.06907894736842106,0.11019736842105263,0.0625,0.0756578947368421
2021-03-09,3055.0,3160.0,3045.0,3105.0,135000.0,3079.81201171875,3008.8,3026.0,3174.6,,,False,False,False,False,False,False,False,False,False,False,False,0.0499194847020934,0.07407407407407407,0.01610305958132045,0.05152979066022544
2021-03-10,3100.0,3100.0,3030.0,3090.0,95800.0,3064.93359375,3026.8,3026.5,3162.2,,,False,False,False,False,False,False,False,False,False,True,False,0.06634304207119741,0.03559870550161812,0.042071197411003236,0.0016181229773462784
2021-03-11,3105.0,3255.0,3095.0,3220.0,87900.0,3193.879150390625,3085.0,3045.0,3153.0,,,False,False,False,False,True,False,False,False,False,False,True,0.05124223602484472,0.010869565217391304,-0.013975155279503106,-0.04813664596273292
2021-03-12,3290.0,3290.0,3215.0,3240.0,91900.0,3213.716796875,3139.0,3069.9,3145.6,,,False,False,False,False,False,False,False,False,False,False,False,0.040123456790123455,0.012345679012345678,-0.021604938271604937,-0.06172839506172839
2021-03-15,3250.0,3265.0,3225.0,3250.0,74900.0,3223.6357421875,3181.0,3088.4,3141.8,,,False,False,False,False,False,False,False,False,False,False,False,0.038461538461538464,0.043076923076923075,-0.023076923076923078,-0.05076923076923077
2021-03-16,3250.0,3295.0,3230.0,3260.0,80500.0,3233.5546875,3212.0,3110.4,3137.6,,,False,False,False,False,False,False,False,False,False,True,False,0.023006134969325152,0.012269938650306749,-0.015337423312883436,-0.03834355828220859
2021-03-17,3225.0,3295.0,3190.0,3295.0,57500.0,3268.270751953125,3253.0,3139.9,3134.4,,,False,False,False,False,False,False,False,False,False,False,False,-0.028831562974203338,-0.019726858877086494,-0.030349013657056147,-0.03186646433990895
2021-03-18,3400.0,3415.0,3345.0,3385.0,86900.0,3357.54052734375,3286.0,3185.5,3134.6,,,False,False,False,False,False,False,True,False,False,False,False,-0.03840472673559823,-0.033973412112259974,-0.051698670605613,-0.04874446085672083
2021-03-19,3360.0,3400.0,3315.0,3370.0,114900.0,3342.662353515625,3312.0,3225.5,3136.6,,,False,False,False,False,False,False,True,False,False,False,False,-0.026706231454005934,-0.04451038575667656,-0.040059347181008904,-0.03560830860534125
2021-03-22,3380.0,3410.0,3350.0,3375.0,71300.0,3347.621826171875,3337.0,3259.0,3139.6,,,False,False,False,False,False,False,True,False,False,False,False,0.0044444444444444444,-0.04296296296296296,-0.02962962962962963,-0.02962962962962963
2021-03-23,3380.0,3455.0,3335.0,3335.0,59700.0,3307.9462890625,3352.0,3282.0,3144.4,,,False,False,False,False,False,False,True,False,True,False,False,-0.010494752623688156,-0.053973013493253376,-0.025487256371814093,-0.013493253373313344
2021-03-24,3265.0,3310.0,3170.0,3200.0,83100.0,3174.041259765625,3333.0,3293.0,3144.6,,,False,False,False,False,False,False,True,False,False,True,False,0.009375,0.00625,-0.015625,-0.00625
2021-03-25,3240.0,3290.0,3235.0,3255.0,61200.0,3228.59521484375,3307.0,3296.5,3148.8,,,False,False,False,False,False,False,True,False,True,False,False,0.004608294930875576,-0.02457757296466974,-0.02304147465437788,-0.05222734254992319
2021-03-26,3260.0,3325.0,3260.0,3280.0,69700.0,3253.392333984375,3289.0,3300.5,3155.8,,,False,False,False,False,False,False,True,False,False,False,False,-0.018292682926829267,-0.03353658536585366,-0.04878048780487805,-0.10121951219512196
2021-03-29,3350.0,3435.0,3315.0,3390.0,95800.0,3362.5,3292.0,3314.5,3170.0,,,False,False,False,False,False,False,True,False,False,False,True,-0.0471976401179941,-0.06342182890855458,-0.07964601769911504,-0.11592920353982301
2021-03-30,3360.0,3360.0,3300.0,3300.0,61200.0,3300.0,3285.0,3318.5,3180.2,,,False,False,False,False,False,False,True,False,False,True,False,-0.04393939393939394,-0.02727272727272727,-0.05606060606060606,-0.1203030303030303
2021-03-31,3290.0,3320.0,3225.0,3230.0,70900.0,3230.0,3291.0,3312.0,3186.0,,,False,False,False,False,False,False,True,False,False,True,False,-0.0030959752321981426,-0.010835913312693499,-0.02321981424148607,-0.09814241486068112
2021-04-01,3230.0,3280.0,3225.0,3270.0,35300.0,3270.0,3294.0,3300.5,3195.4,,,False,False,False,False,False,False,True,False,False,False,False,-0.0290519877675841,-0.01834862385321101,-0.03058103975535168,-0.1235474006116208
2021-04-02,3300.0,3305.0,3195.0,3220.0,47600.0,3220.0,3282.0,3285.5,3204.56,,,False,False,False,False,False,False,True,False,False,True,False,-0.015527950310559006,0.004658385093167702,-0.004658385093167702,-0.1031055900621118
2021-04-05,3260.0,3260.0,3225.0,3230.0,29600.0,3230.0,3250.0,3271.0,3211.16,,,False,False,False,False,False,False,True,False,False,True,False,-0.017027863777089782,0.01393188854489164,0.01238390092879257,-0.11424148606811145
2021-04-06,3230.0,3235.0,3130.0,3155.0,49500.0,3155.0,3221.0,3253.0,3215.76,,,False,False,False,False,False,False,True,False,False,True,False,0.017432646592709985,0.030110935023771792,0.03486529318541997,-0.07765451664025357
2021-04-07,3165.0,3230.0,3150.0,3220.0,39000.0,3220.0,3219.0,3255.0,3224.56,,,False,False,False,False,False,False,True,False,False,False,False,-0.007763975155279503,-0.021739130434782608,-0.03881987577639751,-0.08633540372670807
2021-04-08,3220.0,3235.0,3170.0,3175.0,38400.0,3175.0,3200.0,3247.0,3234.4,,,False,False,False,False,False,False,True,False,False,False,False,0.011023622047244094,0.0015748031496062992,-0.03464566929133858,-0.07464566929133858
2021-04-09,3145.0,3215.0,3145.0,3170.0,51200.0,3170.0,3190.0,3236.0,3242.4,,,False,False,False,False,False,False,True,False,False,True,False,0.02050473186119874,-0.015772870662460567,-0.04100946372239748,-0.07097791798107256
2021-04-12,3190.0,3200.0,3150.0,3175.0,22400.0,3175.0,3179.0,3214.5,3247.8,,,False,False,False,False,False,False,True,False,False,True,False,0.031496062992125984,-0.01732283464566929,-0.028346456692913385,-0.07244094488188976
2021-04-13,3175.0,3225.0,3150.0,3210.0,55900.0,3210.0,3190.0,3205.5,3252.0,,,False,False,False,False,False,False,True,False,False,True,False,0.012461059190031152,-0.029595015576323987,-0.02336448598130841,-0.0853582554517134
2021-04-14,3210.0,3210.0,3180.0,3195.0,25800.0,3195.0,3185.0,3202.0,3256.2,,,False,False,False,False,False,False,True,False,False,True,False,-0.014084507042253521,-0.012519561815336464,-0.001564945226917058,-0.081377151799687
2021-04-15,3175.0,3260.0,3160.0,3210.0,46100.0,3210.0,3192.0,3196.0,3255.8,,,False,False,False,False,False,False,False,False,False,True,False,-0.009345794392523364,-0.012461059190031152,0.003115264797507788,-0.0853582554517134
2021-04-16,3245.0,3300.0,3225.0,3235.0,46900.0,3235.0,3205.0,3197.5,3255.6,,,False,False,False,False,False,False,False,False,False,False,False,-0.03554868624420402,-0.00927357032457496,0.00463678516228748,-0.09860896445131376
2021-04-19,3265.0,3305.0,3250.0,3275.0,34700.0,3275.0,3225.0,3202.0,3256.6,,,False,False,False,True,True,False,True,False,False,False,False,-0.04732824427480916,-0.0015267175572519084,0.0,-0.10259541984732824
2021-04-20,3280.0,3280.0,3215.0,3250.0,77500.0,3250.0,3233.0,3211.5,3256.2,,,False,False,False,False,False,False,False,False,False,True,True,-0.04153846153846154,0.004615384615384616,0.012307692307692308,-0.11138461538461539
2021-04-21,3150.0,3160.0,3120.0,3150.0,50700.0,3150.0,3224.0,3204.5,3250.4,3217.4,,False,False,False,False,False,False,False,False,False,True,False,0.0015873015873015873,-0.01746031746031746,0.009523809523809525,-0.06031746031746032
2021-04-22,3185.0,3185.0,3130.0,3180.0,27100.0,3180.0,3218.0,3205.0,3242.2,3216.4666666666667,,False,False,False,False,False,False,False,False,False,True,False,-0.0031446540880503146,-0.036163522012578615,-0.029874213836477988,-0.08396226415094339
2021-04-23,3145.0,3165.0,3105.0,3120.0,32000.0,3120.0,3195.0,3200.0,3232.2,3215.266666666667,,False,False,False,False,False,False,False,False,False,True,False,0.027243589743589744,-0.02564102564102564,-0.05512820512820513,-0.08717948717948718
2021-04-26,3115.0,3120.0,3085.0,3120.0,36600.0,3120.0,3164.0,3194.5,3222.0,3214.866666666667,,False,False,False,False,False,False,False,False,False,True,False,0.04807692307692308,-0.011217948717948718,-0.03942307692307692,-0.06955128205128205
2021-04-27,3160.0,3165.0,3115.0,3115.0,36100.0,3115.0,3137.0,3185.0,3213.2,3213.333333333333,,False,False,True,False,False,False,False,False,False,False,False,0.048154093097913325,0.006420545746388443,-0.06805778491171749,-0.08250401284109149
2021-04-28,3130.0,3170.0,3120.0,3155.0,45000.0,3155.0,3138.0,3181.0,3211.4,3211.0666666666666,,False,False,False,False,False,False,False,False,False,False,False,-0.01901743264659271,0.011093502377179081,-0.07670364500792393,-0.1080824088748019
2021-04-30,3155.0,3205.0,3155.0,3170.0,51900.0,3170.0,3136.0,3177.0,3208.0,3208.4666666666667,,False,False,False,False,False,False,False,False,False,True,False,-0.033123028391167195,0.015772870662460567,-0.09589905362776026,-0.10946372239747634
2021-05-06,3175.0,3255.0,3165.0,3205.0,94400.0,3205.0,3153.0,3174.0,3205.0,3206.9333333333334,,False,False,False,False,False,False,False,False,False,False,False,-0.0514820592823713,0.014040561622464899,-0.09890795631825273,-0.11076443057722309
2021-05-07,3260.0,3285.0,3240.0,3270.0,103400.0,3270.0,3183.0,3173.5,3200.2,3205.733333333333,,False,False,False,False,True,False,False,False,False,True,False,-0.05657492354740061,0.0015290519877675841,-0.12507645259938838,-0.12232415902140673
2021-05-10,3080.0,3310.0,3075.0,3265.0,101000.0,3265.0,3213.0,3175.0,3198.8,3206.133333333333,,False,False,False,False,False,False,False,True,False,False,False,-0.039816232771822356,0.007656967840735069,-0.10872894333843798,-0.10474732006125574
2021-05-11,3240.0,3255.0,3075.0,3095.0,86400.0,3095.0,3201.0,3169.5,3193.4,3204.333333333333,,False,False,False,False,False,False,False,False,False,True,False,0.030694668820678513,0.027463651050080775,-0.0494345718901454,-0.06397415185783521
2021-05-12,3105.0,3125.0,3030.0,3065.0,57200.0,3065.0,3180.0,3158.0,3185.2,3202.6,,False,False,False,False,False,False,False,False,False,True,False,0.05057096247960848,0.0065252854812398045,-0.04143556280587276,-0.0600326264274062
2021-05-13,3065.0,3115.0,3040.0,3040.0,59500.0,3040.0,3147.0,3150.0,3178.0,3200.8,,False,False,False,False,False,False,False,False,False,False,False,0.06907894736842106,-0.030263157894736843,-0.03125,-0.07171052631578947
2021-05-14,3090.0,3115.0,3075.0,3085.0,50800.0,3085.0,3110.0,3146.5,3172.2,3198.866666666667,,False,False,False,False,False,False,False,False,False,False,False,0.06158833063209076,-0.02852512155591572,-0.04538087520259319,-0.09141004862236629
2021-05-17,3115.0,3145.0,3100.0,3135.0,39300.0,3135.0,3084.0,3148.5,3171.4,3198.0666666666666,,False,False,False,False,False,False,False,False,False,False,False,0.049441786283891544,-0.07400318979266347,-0.0634768740031898,-0.07496012759170653
2021-05-18,3135.0,3205.0,3135.0,3190.0,48900.0,3190.0,3103.0,3152.0,3170.2,3196.733333333333,,False,False,False,False,True,False,False,False,False,True,False,-0.003134796238244514,-0.08683385579937304,-0.07993730407523511,-0.06990595611285266
2021-05-19,3180.0,3265.0,3170.0,3220.0,62000.0,3220.0,3134.0,3157.0,3172.0,3197.2,,False,False,False,False,False,False,True,True,False,False,False,-0.04192546583850932,-0.10993788819875776,-0.08819875776397515,
2021-05-20,3220.0,3280.0,3215.0,3250.0,41800.0,3250.0,3176.0,3161.5,3175.2,3198.866666666667,,False,False,False,False,False,False,True,True,False,False,False,-0.09292307692307693,-0.11138461538461539,-0.10276923076923077,
2021-05-21,3245.0,3285.0,3225.0,3275.0,34600.0,3275.0,3214.0,3162.0,3179.2,3200.866666666667,,False,False,False,False,False,False,True,True,False,False,False,-0.08488549618320611,-0.12641221374045802,-0.10259541984732824,
2021-05-24,3270.0,3295.0,3250.0,3290.0,28500.0,3290.0,3245.0,3164.5,3182.4,3203.0,,False,False,False,False,False,False,True,True,False,True,False,-0.117629179331307,-0.11550151975683891,-0.12218844984802432,
2021-05-25,3235.0,3280.0,3175.0,3180.0,63400.0,3180.0,3243.0,3173.0,3181.8,3200.0666666666666,,False,False,False,False,False,False,False,False,False,True,True,-0.08396226415094339,-0.07484276729559748,-0.06918238993710692,
2021-05-26,3170.0,3170.0,3075.0,3085.0,38300.0,3085.0,3216.0,3175.0,3176.8,3195.2,,False,False,False,False,False,False,False,False,False,True,False,-0.07098865478119935,-0.04764991896272285,-0.05575364667747164,
2021-05-27,3035.0,3065.0,2948.0,2948.0,122000.0,2948.0,3155.6,3165.8,3165.32,3188.84,,False,False,False,False,False,False,False,False,False,True,False,-0.0203527815468114,-0.0010176390773405698,-0.033921302578018994,
2021-05-28,2996.0,3030.0,2959.0,2997.0,67300.0,2997.0,3100.0,3157.0,3154.2,3184.2,,False,False,False,False,False,False,False,False,False,False,False,-0.04537871204537871,-0.017350684017350685,-0.0313646980313647,
2021-05-31,2955.0,3010.0,2901.0,2903.0,48100.0,2903.0,3022.6,3133.8,3140.32,3178.04,,False,False,False,False,False,False,False,False,False,True,False,0.002411298656562177,0.011367550809507406,-0.015501205649328281,
2021-06-01,2908.0,2939.0,2887.0,2913.0,41900.0,2913.0,2969.2,3106.1,3130.84,3171.88,,False,False,False,False,False,False,False,False,False,False,False,0.009955372468245795,0.007552351527634741,-0.03398558187435633,
2021-06-02,2879.0,2907.0,2849.0,2866.0,59300.0,2866.0,2925.4,3070.7,3118.28,3165.026666666666,,False,False,False,False,False,False,False,False,False,True,False,0.02512212142358688,0.024424284717376135,-0.015003489183531053,
2021-06-03,2842.0,2906.0,2842.0,2888.0,47300.0,2888.0,2913.4,3034.5,3109.0,3159.266666666667,,False,False,False,False,False,False,False,False,False,False,False,0.019736842105263157,0.009695290858725761,-0.013157894736842105,
2021-06-04,2880.0,2880.0,2852.0,2861.0,26400.0,2861.0,2886.2,2993.1,3098.64,3153.4133333333334,,False,False,False,False,False,False,False,False,False,True,False,0.029360363509262497,0.027263194687172317,0.0031457532331352674,
2021-06-07,2890.0,2943.0,2883.0,2910.0,56700.0,2910.0,2887.6,2955.1,3090.44,3149.346666666667,,False,False,False,False,False,False,False,False,False,False,False,0.008934707903780068,-0.007560137457044674,0.004467353951890034,
2021-06-08,2908.0,2946.0,2908.0,2942.0,34000.0,2942.0,2893.4,2931.3,3081.92,3145.9733333333334,,False,False,False,False,False,False,False,False,False,True,False,-0.002379333786539769,0.006118286879673691,-0.015295717199184228,
2021-06-09,2951.0,2963.0,2936.0,2938.0,34900.0,2938.0,2907.8,2916.6,3072.64,3143.1466666666665,,False,False,False,False,False,False,False,False,False,True,False,-0.0006807351940095302,-0.00850918992511913,-0.019400953029271615,
2021-06-10,2934.0,2956.0,2921.0,2945.0,32000.0,2945.0,2919.2,2916.3,3062.24,3141.0133333333333,,False,False,False,False,False,False,False,False,False,True,False,-0.009847198641765705,-0.03293718166383701,-0.04176570458404075,
2021-06-11,2935.0,2949.0,2917.0,2945.0,55000.0,2945.0,2936.0,2911.1,3049.24,3139.813333333333,,False,False,False,False,False,False,False,False,False,True,False,-0.0020373514431239388,-0.014261460101867572,-0.048217317487266556,
2021-06-14,2956.0,2965.0,2935.0,2936.0,20900.0,2936.0,2941.2,2914.4,3036.08,3138.36,,False,False,False,False,False,False,False,False,False,True,False,-0.01634877384196185,-0.02656675749318801,-0.01226158038147139,
2021-06-15,2938.0,2950.0,2932.0,2935.0,36100.0,2935.0,2939.8,2916.6,3029.68,3136.36,,False,False,False,False,False,False,False,False,False,False,False,0.008517887563884156,-0.04122657580919932,0.01090289608177172,
2021-06-16,2931.0,2949.0,2926.0,2936.0,30100.0,2936.0,2939.4,2923.6,3024.52,3135.04,,False,False,False,False,False,False,False,False,False,False,True,-0.007833787465940054,-0.03848773841961853,,
2021-06-17,2935.0,2942.0,2914.0,2916.0,32100.0,2916.0,2933.6,2926.4,3019.56,3134.04,,False,False,False,False,False,False,False,False,False,False,False,-0.023319615912208505,-0.02263374485596708,,
2021-06-18,2925.0,2966.0,2923.0,2939.0,54100.0,2939.0,2932.4,2934.2,3013.72,3132.36,,False,False,False,False,False,False,False,False,False,True,True,-0.012249064307587616,-0.023477373256209595,,
2021-06-21,2850.0,2900.0,2850.0,2888.0,73800.0,2888.0,2922.8,2932.0,3003.84,3130.333333333333,,False,False,False,False,False,False,False,False,False,True,False,-0.01038781163434903,0.012119113573407203,,
2021-06-22,2938.0,2960.0,2904.0,2960.0,47000.0,2960.0,2927.8,2933.8,2994.64,3129.8,,False,False,False,False,False,False,False,False,False,False,False,-0.04932432432432433,-0.021283783783783785,,
2021-06-23,2956.0,2958.0,2901.0,2913.0,48100.0,2913.0,2923.2,2931.3,2982.36,3129.5866666666666,,False,False,False,False,False,False,False,False,False,True,False,-0.030895983522142123,-0.010985238585650533,,
2021-06-24,2881.0,2884.0,2836.0,2848.0,35300.0,2848.0,2909.6,2921.6,2966.28,3127.96,,False,False,False,False,False,False,False,False,False,True,False,0.0007022471910112359,-0.009129213483146067,,
2021-06-25,2898.0,2912.0,2862.0,2903.0,32900.0,2903.0,2902.4,2917.4,2951.4,3126.133333333333,,False,False,False,False,False,False,False,False,False,False,False,-0.011367550809507406,-0.03444712366517396,,
2021-06-28,2853.0,2877.0,2848.0,2858.0,51400.0,2858.0,2896.4,2909.6,2934.12,3122.84,,False,False,False,False,False,False,False,False,False,True,False,0.022743177046885936,0.01469559132260322,,
2021-06-29,2849.0,2867.0,2808.0,2814.0,57800.0,2814.0,2867.2,2897.5,2919.48,3119.16,,False,False,False,False,False,False,False,False,False,False,False,0.029495380241648897,0.054371002132196165,,
2021-06-30,2842.0,2871.0,2823.0,2823.0,39700.0,2823.0,2849.2,2886.2,2909.0,3113.866666666667,,False,False,False,False,False,False,False,False,False,False,False,0.020545518951470068,,,
2021-07-01,2815.0,2858.0,2815.0,2850.0,37100.0,2850.0,2849.6,2879.6,2905.08,3108.6666666666665,,False,False,False,False,False,False,False,False,False,False,False,-0.009824561403508772,,,
2021-07-02,2844.0,2873.0,2837.0,2870.0,39900.0,2870.0,2843.0,2872.7,2900.0,3103.6,,False,False,False,False,False,False,False,False,False,True,False,-0.023344947735191638,,,
2021-07-05,2870.0,2964.0,2857.0,2923.0,64300.0,2923.0,2856.0,2876.2,2900.8,3099.1066666666666,,False,False,False,False,True,False,True,False,False,False,False,-0.00786862812179268,,,
2021-07-06,2942.0,2945.0,2881.0,2897.0,32800.0,2897.0,2872.6,2869.9,2900.16,3093.8,,False,False,False,False,False,False,False,False,False,True,False,0.02416292716603383,,,
2021-07-07,2857.0,2904.0,2857.0,2881.0,47600.0,2881.0,2884.2,2866.7,2900.76,3087.08,,False,False,False,False,False,False,True,False,False,False,False,,,,
2021-07-08,2876.0,2886.0,2822.0,2822.0,46600.0,2822.0,2878.6,2864.1,2898.12,3079.773333333333,,False,False,False,False,False,False,False,False,False,True,False,,,,
2021-07-09,2780.0,2811.0,2745.0,2803.0,65800.0,2803.0,2865.2,2854.1,2895.8,3072.1466666666665,,False,False,False,False,False,False,False,False,False,False,False,,,,
2021-07-12,2893.0,2921.0,2883.0,2900.0,60600.0,2900.0,2860.6,2858.3,2895.4,3066.346666666667,,False,False,False,False,True,False,False,False,False,False,False,,,,
2021-07-13,2923.0,2968.0,2923.0,2967.0,63200.0,2967.0,2874.6,2873.6,2896.4,3063.24,,False,False,False,False,False,False,True,False,False,False,True,,,,
